Author,Title,train_length,pred_length,test_length,Text_Similarity_baseline,Text_Similarity_prediction,POS_Similarity_baseline,POS_Similarity_prediction,Sentence_Length_Similarity_baseline,Sentence_Length_Similarity_prediction,Sentence_Length_Similarity_baseline_diff,Sentence_Length_Similarity_prediction_diff,TF-IDF_Similarity_baseline,TF-IDF_Similarity_prediction,Transformer_Similarity_baseline,Transformer_Similarity_prediction,Stopwords_Similarity_baseline,Stopwords_Similarity_prediction,Punctuation_Similarity_baseline,Punctuation_Similarity_prediction,TTR_Similarity_baseline,TTR_Similarity_prediction,date
Mark_Twain,THE MAN THAT CORRUPTED HADLEYBURG.txt,474,318,500,0.1066,0.2348,0.9484,0.9622,0.4455,0.5389,-20.5161,-17.0625,0.0288,0.0463,0.4982,0.6644,,,,,0.9341,0.6042,28-05-2025
Mark_Twain,To the Person Sitting in Darkness.txt,500,336,500,0.1625,0.1439,0.9641,0.878,0.7285,0.8795,5.3989,-1.745,0.05,0.0762,0.4107,0.2985,,,,,0.9272,0.2568,28-05-2025
Mark_Twain,Life on the Mississippi.txt,500,253,500,0.5116,0.2331,0.9951,0.9105,0.9637,0.9771,-0.1311,0.0846,0.0338,0.03,0.5564,0.3149,,,,,0.8876,0.2538,28-05-2025
Mark_Twain,KING LEOPOLD’S SOLILOQUY.txt,353,328,500,0.0706,0.0119,0.937,0.8831,0.325,0.5821,24.781,8.5667,0.0278,0.0055,0.6027,0.2118,,,,,0.9274,0.3824,28-05-2025
Mark_Twain,A Horse's Tale.txt,496,314,500,0.1074,0.1041,0.929,0.9034,0.5102,0.5563,11.0738,9.1984,0.0553,0.031,0.4467,0.5967,,,,,0.9189,0.4165,28-05-2025
Mark_Twain,1601 Conversation as it was by the Social Fireside in the Time of the Tudors.txt,470,291,500,0.2464,0.1635,0.9899,0.9386,0.84,0.8951,3.68,-2.0259,0.0503,0.0646,0.6073,0.6245,,,,,0.9953,0.5931,28-05-2025
Mark_Twain,Following the Equator A Journey Around the World.txt,484,162,500,0.2597,0.029,0.9969,0.895,0.9692,0.4474,0.735,28.5962,0.0463,0.0101,0.367,0.2562,,,,,0.916,0.1801,28-05-2025
Mark_Twain,The Entire Project Gutenberg Works of Mark Twain.txt,451,141,500,0.1124,0.0217,0.9896,0.8637,0.6987,0.2017,14.3506,131.7143,0.0375,0.017,0.5598,0.413,,,,,0.8882,0.1733,28-05-2025
Mark_Twain,Roughing It.txt,488,209,500,0.2981,0.0685,0.9753,0.9299,0.9853,0.5804,0.3256,15.7637,0.0273,0.017,0.3206,0.3557,,,,,0.8463,0.2463,28-05-2025
Mark_Twain,A Double Barrelled Detective Story.txt,455,329,500,0.2235,0.0586,0.947,0.8703,0.9401,0.8238,-1.0872,-3.1993,0.0438,0.0172,0.421,0.3524,,,,,0.9108,0.4714,28-05-2025
Mark_Twain,Christian Science.txt,454,327,500,0.1299,0.111,0.93,0.9137,0.4977,0.8634,-12.8917,4.0606,0.0248,0.0323,0.1916,0.2711,,,,,0.8572,0.6692,28-05-2025
Mark_Twain,"The Mysterious Stranger, and Other Stories.txt",499,311,500,0.0618,0.0367,0.959,0.741,0.8521,0.5029,-4.1587,-13.9747,0.0164,0.0324,0.2772,0.2648,,,,,0.8585,0.3909,28-05-2025
Mark_Twain,Extract from Captain Stormfield's Visit to Heaven.txt,497,303,500,0.2393,0.1437,0.9711,0.9421,0.5633,0.9052,-10.7506,-2.3333,0.0553,0.0359,0.6666,0.4404,,,,,0.9097,0.4728,28-05-2025
Mark_Twain,The Innocents Abroad.txt,481,222,500,0.2363,0.078,0.9974,0.9127,0.5857,0.7368,17.3467,-6.4533,0.0316,0.0173,0.4141,0.2897,,,,,0.9281,0.2149,28-05-2025
Mark_Twain,The Man That Corrupted Hadleyburg (2).txt,499,325,500,0.1684,0.0556,0.9549,0.8864,0.5355,0.4757,-13.7996,-15.5754,0.0486,0.0274,0.3506,0.1703,,,,,0.8928,0.5268,28-05-2025
Mark_Twain,Some Rambling Notes of an Idle Excursion.txt,485,301,500,0.1574,0.0452,0.9641,0.9442,0.9854,0.9345,0.2065,0.9794,0.045,0.0284,0.4633,0.427,,,,,0.9669,0.4097,28-05-2025
Mark_Twain,Personal Recollections of Joan of Arc — Volume 2.txt,497,313,500,0.2733,0.1823,0.8739,0.8186,0.5379,0.357,-11.5763,-16.1071,0.0377,0.0269,0.5978,0.4163,,,,,0.8225,0.5305,28-05-2025
Mark_Twain,A Tramp Abroad.txt,493,331,500,0.0546,0.0251,0.8634,0.8214,0.8412,0.8324,2.6894,-2.3868,0.0277,0.017,0.5213,0.4361,,,,,0.9664,0.443,28-05-2025
Mark_Twain,The Facts Concerning the Recent Carnival of Crime in Connecticut.txt,449,300,500,0.0757,0.0266,0.9727,0.9153,0.7083,0.9381,7.875,-1.1838,0.0115,0.0085,0.3188,0.2654,,,,,0.8897,0.5721,28-05-2025
Mark_Twain,"The $30,000 Bequest, and Other Stories.txt",486,321,500,0.1136,0.0542,0.9229,0.8717,0.7529,0.585,-8.5,-14.275,0.0383,0.0309,0.3386,0.2904,,,,,0.8826,0.7502,28-05-2025
Mark_Twain,Goldsmith's Friend Abroad Again.txt,478,342,500,0.1842,0.1496,0.9579,0.8923,0.841,0.4862,-3.88,-12.5379,0.0798,0.0752,0.3033,0.4811,,,,,0.9173,0.308,28-05-2025
Mark_Twain,Personal Recollections of Joan of Arc — Volume 1.txt,475,315,500,0.0472,0.1903,0.8324,0.8604,0.4209,0.5599,24.4167,13.95,0.0222,0.051,0.6646,0.7083,,,,,0.8866,0.8651,28-05-2025
Mark_Twain,Essays on Paul Bourget.txt,496,314,500,0.2008,0.1129,0.945,0.914,0.5622,0.8168,-7.3407,-3.071,0.0346,0.0295,0.4195,0.3781,,,,,0.8584,0.3815,28-05-2025
Mark_Twain,Tom Sawyer Abroad.txt,462,303,500,0.1112,0.1285,0.9573,0.7962,0.3579,0.803,25.9301,3.5455,0.0437,0.0563,0.4492,0.4641,,,,,0.9657,0.5119,28-05-2025
Mark_Twain,The Prince and the Pauper.txt,433,176,500,0.3778,0.157,0.9072,0.8657,0.1044,0.0645,50.3538,85.1316,0.1214,0.0834,0.5388,0.4881,,,,,0.7027,0.5971,28-05-2025
Mark_Twain,"Tom Sawyer, Detective.txt",472,320,500,0.1682,0.1591,0.9417,0.8917,0.8316,0.7962,3.5357,4.469,0.051,0.0355,0.4694,0.2902,,,,,0.7955,0.5233,28-05-2025
Mark_Twain,"Alonzo Fitz, and Other Stories.txt",498,303,500,0.0792,0.037,0.911,0.9397,0.3139,0.5865,-18.3092,-11.0342,0.0134,0.0195,0.3892,0.2799,,,,,0.8574,0.4882,28-05-2025
Mark_Twain,In Defence of Harriet Shelley.txt,483,340,500,0.1025,0.1231,0.9669,0.8966,0.9957,0.8007,-0.117,6.7778,0.0338,0.0455,0.5914,0.3743,,,,,0.9606,0.4665,28-05-2025
Mark_Twain,The American Claimant.txt,499,236,500,0.3415,0.2389,0.9664,0.909,0.61,0.5885,-9.2788,16.6369,0.0685,0.0336,0.434,0.4131,,,,,0.8009,0.2398,28-05-2025
Mark_Twain,The Stolen White Elephant.txt,474,327,500,0.094,0.1826,0.9615,0.9658,0.6338,0.7601,-7.001,6.0338,0.0251,0.0482,0.3093,0.692,,,,,0.9577,0.5944,28-05-2025
Mark_Twain,A Dog's Tale.txt,455,320,500,0.1864,0.2326,0.9722,0.6146,0.7049,0.2039,13.8182,-26.2708,0.0418,0.0474,0.47,0.3848,,,,,0.9262,0.3856,28-05-2025
Mark_Twain,What Is Man And Other Stories.txt,489,298,500,0.2476,0.2561,0.9647,0.9617,0.4988,0.991,4.3441,-0.0388,0.0721,0.0667,0.4924,0.4369,,,,,0.9561,0.5575,28-05-2025
Mark_Twain,"The £1,000,000 bank-note, and other new stories.txt",476,314,500,0.065,0.0874,0.9497,0.9618,0.9653,0.7188,-0.9053,-7.3406,0.0241,0.0434,0.552,0.4826,,,,,0.9147,0.6127,28-05-2025
Mark_Twain,HOW TO TELL A STORY AND OTHERS.txt,490,333,500,0.0828,0.7273,0.9617,0.9134,0.8687,0.74,3.7778,-6.5,0.0523,0.1421,0.593,0.8311,,,,,0.8504,0.5124,28-05-2025
Mark_Twain,The Tragedy of Pudd'nhead Wilson.txt,497,316,500,0.0711,0.0,0.9202,0.9003,0.5683,0.5246,11.4412,-7.1588,0.039,0.0,0.49,0.0907,,,,,0.9663,0.1264,28-05-2025
Mark_Twain,"The Curious Republic of Gondour, and Other Whimsical Sketches.txt",472,365,500,0.127,0.1252,0.9715,0.9248,0.8519,0.7652,3.7682,-5.0909,0.038,0.0471,0.2788,0.3435,,,,,0.8485,0.5125,28-05-2025
Mark_Twain,Mark Twain's Burlesque Autobiography.txt,490,283,500,0.1198,0.0057,0.9814,0.8682,0.825,0.6907,-2.9881,-5.2798,0.0284,0.0052,0.5037,0.303,,,,,0.8927,0.3301,28-05-2025
Mark_Twain,Those Extraordinary Twins.txt,489,334,500,0.1918,0.1158,0.9591,0.866,0.5221,0.8623,14.6471,2.5556,0.0529,0.0381,0.6359,0.5685,,,,,0.9736,0.5547,28-05-2025
Mark_Twain,Sketches New and Old.txt,486,304,500,0.1296,0.0897,0.8906,0.8129,0.5927,0.3125,-14.4286,-24.3571,0.0384,0.0252,0.1973,0.1787,,,,,0.8215,0.3925,28-05-2025
Mark_Twain,"The Treaty With China, its Provisions ExplainedNew York Tribune, Tuesday, August 28, 1868.txt",430,319,500,0.2669,0.3445,0.9744,0.9676,0.777,0.6169,-9.7,-16.6667,0.0826,0.0972,0.5515,0.556,,,,,0.8536,0.6433,28-05-2025
Mark_Twain,Fenimore Cooper's Literary Offences.txt,492,294,500,0.4378,0.392,0.9858,0.9446,0.9082,0.7607,-1.3143,-3.4254,0.0981,0.1427,0.561,0.4156,,,,,0.8886,0.4916,28-05-2025
Mark_Twain,"The Adventures of Tom Sawyer, Complete.txt",407,274,500,0.1935,0.2351,0.9558,0.8575,0.1542,0.6998,73.1579,5.7246,0.0658,0.1147,0.6343,0.6677,,,,,0.9215,0.6966,28-05-2025
Mark_Twain,"Extracts from Adam's Diary, translated from the original ms..txt",484,325,500,0.2608,0.2283,0.9663,0.9497,0.7624,0.8592,-3.1784,2.1931,0.0749,0.0826,0.679,0.4493,,,,,0.9481,0.5822,28-05-2025
Mark_Twain,Mark Twain's Speeches.txt,487,325,500,0.0928,0.0676,0.8705,0.685,0.6417,0.3892,-14.9605,-25.5,0.0283,0.0261,0.2142,0.3732,,,,,0.9454,0.3864,28-05-2025
Paul Graham,A Student's Guide to Startups.txt,490,313,500,0.2409,0.2655,0.9788,0.9117,0.9403,0.7656,1.1548,-4.2619,0.0661,0.0662,0.4858,0.731,,,,,0.8126,0.7596,28-05-2025
Paul Graham,Java's Cover.txt,485,308,500,0.3483,0.196,0.9756,0.9183,0.6476,0.5975,-6.4058,-7.3165,0.0741,0.0387,0.4914,0.6231,,,,,0.966,0.544,28-05-2025
Paul Graham,A Version 1.0.txt,487,304,500,0.1571,0.2101,0.9648,0.9283,0.9844,0.8678,0.2667,-2.2303,0.0433,0.0625,0.3826,0.5384,,,,,0.8318,0.531,28-05-2025
Paul Graham,An Alternative Theory of Unions.txt,479,312,36,0.1223,0.2298,0.8628,0.9482,0.8718,0.8636,2.5,-2.3182,0.0812,0.1289,0.5716,0.6622,,,,,0.5596,0.5091,28-05-2025
Paul Graham,The Other Road Ahead.txt,498,330,500,0.3056,0.194,0.9674,0.9401,0.9499,0.6866,-0.9048,-5.664,0.0827,0.0874,0.5266,0.565,,,,,0.98,0.6331,28-05-2025
Paul Graham,Be Good.txt,498,324,500,0.2752,0.2356,0.9731,0.9549,0.9175,0.965,-1.2301,0.5403,0.0668,0.076,0.5625,0.5955,,,,,0.9451,0.5304,28-05-2025
Paul Graham,You Weren't Meant to Have a Boss.txt,496,300,500,0.2767,0.3391,0.9492,0.8989,0.9723,0.6748,0.4897,-5.5929,0.0816,0.095,0.2322,0.4086,,,,,0.8288,0.5585,28-05-2025
Paul Graham,Stuff.txt,497,326,500,0.4008,0.2874,0.9796,0.8676,0.9119,0.8802,-1.3482,-1.8326,0.0522,0.0404,0.6246,0.5435,,,,,0.9887,0.4403,28-05-2025
Paul Graham,Some Heroes.txt,498,313,500,0.1349,0.1334,0.9709,0.9418,0.9903,0.7211,0.1316,-3.7504,0.0369,0.0732,0.2642,0.3582,,,,,0.9841,0.5674,28-05-2025
Paul Graham,Five Questions about Language Design.txt,476,329,500,0.2952,0.246,0.9515,0.9216,0.9789,0.9131,0.3076,1.3556,0.08,0.0737,0.5134,0.4332,,,,,0.9418,0.5572,28-05-2025
Paul Graham,Learning from Founders.txt,500,316,275,0.2659,0.1834,0.9619,0.9077,0.9157,0.8495,-1.3569,2.8507,0.0638,0.0427,0.6284,0.2254,,,,,0.914,0.4346,28-05-2025
Paul Graham,What Made Lisp Different.txt,462,316,238,0.2947,0.2519,0.9513,0.9337,0.3805,0.6679,16.9333,5.1714,0.0768,0.0773,0.635,0.6207,,,,,0.8572,0.8199,28-05-2025
Paul Graham,How to Start a Startup.txt,500,329,500,0.2172,0.2146,0.9627,0.8966,0.9303,0.6609,1.1305,-5.1168,0.0635,0.0547,0.601,0.5161,,,,,0.9302,0.402,28-05-2025
Paul Graham,Mind the Gap.txt,500,331,500,0.3355,0.3816,0.98,0.9093,0.9706,0.9148,0.4829,-1.3601,0.0572,0.0555,0.4532,0.5129,,,,,0.9519,0.6868,28-05-2025
Paul Graham,The Equity Equation.txt,499,284,500,0.3368,0.3668,0.982,0.9539,0.7652,0.6791,-3.5294,-4.8225,0.0804,0.1437,0.7034,0.7543,,,,,0.8392,0.777,28-05-2025
Paul Graham,The Age of the Essay.txt,485,311,500,0.2181,0.2846,0.992,0.9695,0.8037,0.8718,3.9733,-2.0848,0.0692,0.0802,0.5614,0.547,,,,,0.943,0.6272,28-05-2025
Paul Graham,The List of N Things.txt,488,327,500,0.4401,0.3294,0.9854,0.9859,0.9085,0.8669,1.5792,-2.0875,0.0907,0.0985,0.6209,0.5881,,,,,0.9672,0.8293,28-05-2025
Paul Graham,How to Make Wealth.txt,479,309,500,0.2251,0.3034,0.9786,0.9454,0.9373,0.8024,1.0634,-3.1432,0.0547,0.0691,0.585,0.7217,,,,,0.9303,0.6762,28-05-2025
Paul Graham,Programming Bottom-Up.txt,500,313,419,0.3383,0.3707,0.9822,0.9557,0.9471,0.7461,-1.0535,-5.0594,0.0806,0.0752,0.6223,0.4821,,,,,0.9501,0.6589,28-05-2025
Paul Graham,A Project of One's Own.txt,454,345,500,0.2669,0.2467,0.9718,0.8982,0.8134,0.8003,4.0278,4.3819,0.0611,0.08,0.4811,0.4842,,,,,0.889,0.6054,28-05-2025
Paul Graham,Haters.txt,484,300,500,0.3231,0.1179,0.9624,0.9442,0.9559,0.8499,0.6053,-1.9673,0.0759,0.0631,0.5197,0.5564,,,,,0.9242,0.4603,28-05-2025
Paul Graham,How Art Can Be Good.txt,500,305,500,0.4415,0.5344,0.9783,0.9628,0.8868,0.9908,2.0893,0.1513,0.109,0.2039,0.5433,0.7857,,,,,0.904,0.6511,28-05-2025
Paul Graham,Two Kinds of Judgement.txt,499,349,241,0.1515,0.1528,0.9203,0.9607,0.5714,0.9121,12.0972,-1.4167,0.0505,0.0514,0.5109,0.4685,,,,,0.9085,0.5645,28-05-2025
Paul Graham,The Word _Hacker_.txt,487,326,500,0.1137,0.0759,0.9813,0.935,0.9069,0.9047,-1.3143,-1.3451,0.0315,0.0319,0.4097,0.5585,,,,,0.9263,0.4557,28-05-2025
Paul Graham,Do Things that Don't Scale.txt,494,296,500,0.284,0.1306,0.9696,0.9409,0.909,0.8374,1.5435,-2.5076,0.0657,0.0624,0.5082,0.5333,,,,,0.9072,0.5727,28-05-2025
Paul Graham,Startup = Growth.txt,498,313,500,0.2743,0.2236,0.9834,0.9596,0.8173,0.9922,2.9287,-0.1026,0.0848,0.0877,0.3755,0.5254,,,,,0.8801,0.5667,28-05-2025
Paul Graham,See Randomness.txt,487,338,100,0.0707,0.0641,0.8938,0.9563,0.6953,0.9976,-5.6435,-0.0448,0.0212,0.0266,0.4459,0.4714,,,,,0.8616,0.4842,28-05-2025
Paul Graham,Startups in 13 Sentences.txt,499,279,500,0.235,0.1347,0.9783,0.9409,0.978,0.6203,-0.2511,-4.3286,0.0593,0.0475,0.4247,0.5838,,,,,0.7954,0.6811,28-05-2025
Paul Graham,How You Know.txt,495,327,152,0.0759,0.1875,0.9298,0.9397,0.8064,0.9945,-3.4044,0.098,0.0259,0.0441,0.4628,0.4933,,,,,0.807,0.5106,28-05-2025
Paul Graham,The Submarine.txt,494,307,500,0.2632,0.3633,0.9647,0.9016,0.9318,0.8531,1.058,2.4902,0.0687,0.0672,0.7018,0.6609,,,,,0.9171,0.6022,28-05-2025
Paul Graham,High Resolution Fundraising .txt,491,335,221,0.2444,0.1861,0.9586,0.9569,0.9392,0.917,-1.1311,-1.5426,0.0771,0.1042,0.5725,0.6267,,,,,0.8607,0.5403,28-05-2025
Paul Graham,A Local Revolution_.txt,488,337,500,0.1775,0.4236,0.9386,0.9675,0.7792,0.8721,4.943,-2.2309,0.0361,0.1147,0.7667,0.752,,,,,0.9328,0.6896,28-05-2025
Paul Graham,Crazy New Ideas.txt,486,316,500,0.2874,0.2093,0.9733,0.931,0.8555,0.7417,2.4619,5.0756,0.0634,0.0617,0.4847,0.3682,,,,,0.8986,0.5506,28-05-2025
Paul Graham,What Startups Are Really Like.txt,461,313,500,0.2645,0.0843,0.9584,0.9066,0.9944,0.7695,0.0927,-3.7679,0.0547,0.0462,0.4597,0.3862,,,,,0.9459,0.6402,28-05-2025
Paul Graham,Relentlessly Resourceful.txt,498,318,500,0.3308,0.2525,0.9702,0.9075,0.7374,0.8572,4.4813,2.0965,0.1002,0.0988,0.3614,0.6348,,,,,0.9525,0.7587,28-05-2025
Paul Graham,How to Present to Investors.txt,481,294,500,0.1722,0.1393,0.9609,0.8817,0.8892,0.5498,1.8729,-6.7671,0.0545,0.0625,0.3335,0.2839,,,,,0.9011,0.544,28-05-2025
Paul Graham,The Bus Ticket Theory of Genius.txt,485,336,500,0.2494,0.2407,0.9598,0.9453,0.8804,0.7654,2.0209,4.5621,0.072,0.0891,0.473,0.6868,,,,,0.8679,0.6333,28-05-2025
Paul Graham,How Y Combinator Started.txt,498,324,500,0.1741,0.1794,0.9712,0.912,0.9674,0.9004,-0.5936,-1.8143,0.0732,0.0556,0.5854,0.4986,,,,,0.8511,0.6179,28-05-2025
Paul Graham,What I've Learned from Users.txt,480,327,500,0.2364,0.1783,0.9654,0.9224,0.9163,0.9488,1.3778,0.8139,0.0655,0.0553,0.7232,0.3251,,,,,0.9498,0.7672,28-05-2025
Paul Graham,Let the Other 95% of Great Programmers In.txt,493,320,431,0.3647,0.1598,0.967,0.8633,0.8955,0.7868,-1.914,4.9643,0.0737,0.0313,0.6369,0.6107,,,,,0.8104,0.3606,28-05-2025
Paul Graham,News from the Front.txt,497,334,500,0.2165,0.2894,0.9841,0.9422,0.8494,0.9303,2.5063,-0.985,0.0567,0.0508,0.5869,0.6404,,,,,0.9683,0.6032,28-05-2025
Paul Graham,Frighteningly Ambitious Startup Ideas.txt,493,313,500,0.1941,0.2252,0.984,0.9142,0.8571,0.9872,2.4381,0.1896,0.0647,0.0653,0.327,0.2306,,,,,0.8277,0.4526,28-05-2025
Paul Graham,The Right Kind of Stubborn.txt,492,288,500,0.3193,0.1229,0.9759,0.8677,0.8453,0.8034,-2.2261,-2.8289,0.0737,0.0385,0.6691,0.7225,,,,,0.9341,0.4233,28-05-2025
Paul Graham,The Best Essay.txt,468,336,500,0.2006,0.4557,0.9532,0.8895,0.7597,0.9385,4.6094,-0.8958,0.0549,0.1085,0.456,0.4302,,,,,0.8388,0.6752,28-05-2025
Paul Graham,The Venture Capital Squeeze.txt,498,327,500,0.2154,0.1242,0.9788,0.9234,0.8751,0.7688,-2.4744,-4.5804,0.0637,0.0498,0.3904,0.486,,,,,0.9668,0.5143,28-05-2025
Paul Graham,The Pooled-Risk Company Management Company.txt,494,325,500,0.3145,0.2221,0.987,0.8677,0.8702,0.7117,2.3631,-4.5679,0.0671,0.0559,0.3924,0.5594,,,,,0.9583,0.4895,28-05-2025
Paul Graham,Don't Talk to Corp Dev.txt,498,317,500,0.3134,0.2465,0.968,0.9799,0.8943,0.9146,1.7631,-1.2743,0.0767,0.0973,0.6462,0.7013,,,,,0.8791,0.7144,28-05-2025
Paul Graham,How to Be Silicon Valley.txt,487,332,500,0.3675,0.459,0.9815,0.9303,0.9785,0.8096,0.3056,-2.65,0.0902,0.1191,0.5152,0.5478,,,,,0.8674,0.4393,28-05-2025
Paul Graham,How to Do Philosophy.txt,496,333,500,0.2361,0.1672,0.9461,0.8792,0.9618,0.8979,0.5232,-1.3462,0.0635,0.0608,0.4575,0.5111,,,,,0.947,0.4332,28-05-2025
Paul Graham,Why to Move to a Startup Hub.txt,497,320,500,0.2788,0.366,0.968,0.9109,0.7789,0.9141,-4.2,-1.6316,0.0675,0.0916,0.573,0.545,,,,,0.9375,0.6787,28-05-2025
Paul Graham,How to Convince Investors.txt,500,318,500,0.3211,0.0932,0.9782,0.9188,0.9847,0.7886,0.25,-3.4014,0.0908,0.037,0.5741,0.4819,,,,,0.9666,0.5902,28-05-2025
Paul Graham,Writing and Speaking.txt,479,296,500,0.472,0.2418,0.9694,0.9209,0.9708,0.742,-0.5326,-4.7005,0.1075,0.0663,0.5679,0.6055,,,,,0.8433,0.5664,28-05-2025
Paul Graham,Being Popular.txt,457,323,500,0.4721,0.3428,0.9747,0.966,0.8699,0.8207,-2.4452,-3.3714,0.0971,0.0883,0.7931,0.6229,,,,,0.9703,0.5893,28-05-2025
Paul Graham,Defining Property.txt,495,325,485,0.2707,0.1919,0.9653,0.9501,0.7333,0.9735,5.7405,-0.4176,0.0567,0.0521,0.4846,0.2536,,,,,0.8284,0.5526,28-05-2025
Paul Graham,Tablets.txt,496,312,53,0.0398,0.2669,0.8508,0.9365,0.5506,0.5696,-8.8154,-8.443,0.0191,0.0807,0.515,0.6448,,,,,0.7083,0.7349,28-05-2025
Paul Graham,"Snapshot_ Viaweb, June 1998.txt",494,331,375,0.1452,0.1737,0.9841,0.9586,0.9162,0.9871,-1.3536,-0.2089,0.0476,0.0367,0.3964,0.2229,,,,,0.9395,0.5102,28-05-2025
Paul Graham,How to Disagree.txt,491,295,500,0.2971,0.2351,0.9887,0.9699,0.979,0.7592,-0.25,-2.873,0.0887,0.074,0.5477,0.5862,,,,,0.938,0.6419,28-05-2025
Paul Graham,Are Software Patents Evil_.txt,486,308,500,0.3424,0.3978,0.9811,0.9226,0.9417,0.9838,0.946,0.2511,0.07,0.08,0.6441,0.6475,,,,,0.9573,0.6577,28-05-2025
Paul Graham,Why It's Safe for Founders to Be Nice.txt,491,294,294,0.2811,0.2257,0.971,0.9305,0.8593,0.7025,2.8333,-5.1462,0.0913,0.0703,0.7711,0.7068,,,,,0.8973,0.674,28-05-2025
Paul Graham,The New Funding Landscape.txt,492,297,500,0.3782,0.2251,0.9814,0.9442,0.8628,0.8006,-2.4452,-3.5549,0.1001,0.1133,0.7182,0.7115,,,,,0.9431,0.7523,28-05-2025
Paul Graham,Founder Mode.txt,488,323,500,0.4365,0.1705,0.9787,0.9493,0.9617,0.8218,0.6452,3.5123,0.1121,0.049,0.4626,0.1746,,,,,0.9363,0.6678,28-05-2025
Paul Graham,Why There Aren't More Googles.txt,494,262,500,0.201,0.2073,0.9746,0.9629,0.9269,0.9847,1.2385,0.2442,0.0581,0.0587,0.5825,0.5204,,,,,0.8631,0.6557,28-05-2025
Paul Graham,The Hundred-Year Language.txt,489,312,500,0.2977,0.3484,0.9774,0.9507,0.9825,0.785,0.3214,-3.8696,0.0681,0.1046,0.4501,0.589,,,,,0.8787,0.6901,28-05-2025
Paul Graham,Could VC be a Casualty of the Recession_.txt,467,321,500,0.2716,0.33,0.9648,0.9434,0.7143,0.9737,6.663,0.4501,0.0592,0.0827,0.6556,0.7733,,,,,0.9822,0.5192,28-05-2025
Paul Graham,Fierce Nerds.txt,495,292,500,0.3549,0.0792,0.9782,0.9174,0.9788,0.9022,0.3855,-1.7405,0.0566,0.0326,0.7865,0.656,,,,,0.9493,0.5534,28-05-2025
Paul Graham,How to Work Hard.txt,492,319,500,0.3279,0.4145,0.9711,0.9555,0.6885,0.836,5.9532,-2.1579,0.0732,0.0864,0.7277,0.6251,,,,,0.9499,0.7071,28-05-2025
Paul Graham,Why Startup Hubs Work.txt,479,326,500,0.3008,0.3064,0.9775,0.9291,0.6943,0.8366,7.0718,-2.6245,0.0693,0.0791,0.6237,0.3821,,,,,0.9641,0.5486,28-05-2025
Paul Graham,Post-Medium Publishing.txt,499,326,500,0.2898,0.3082,0.9703,0.9427,0.9122,0.9565,1.3113,-0.5931,0.0778,0.0854,0.646,0.7458,,,,,0.9434,0.6296,28-05-2025
Paul Graham,The Hacker's Guide to Investors.txt,490,330,500,0.3766,0.1932,0.9354,0.902,0.9269,0.8189,1.0298,-2.3638,0.0815,0.0592,0.5186,0.6387,,,,,0.9284,0.5653,28-05-2025
Paul Graham,The Real Reason to End the Death Penalty.txt,491,303,275,0.1547,0.2441,0.9135,0.9335,0.8555,0.7797,-2.7624,-4.2106,0.0541,0.064,0.6633,0.7627,,,,,0.7469,0.4777,28-05-2025
Paul Graham,Why Nerds are Unpopular.txt,493,309,500,0.3352,0.3074,0.9615,0.9185,0.9877,0.9993,-0.1754,-0.0099,0.0702,0.0608,0.7766,0.6341,,,,,0.9249,0.4442,28-05-2025
Paul Graham,Mean People Fail.txt,491,293,500,0.2787,0.089,0.9644,0.9092,0.957,0.9787,0.6286,0.3043,0.0764,0.0527,0.4583,0.3439,,,,,0.9801,0.4661,28-05-2025
Paul Graham,How to Lose Time and Money .txt,458,306,220,0.1917,0.2556,0.9489,0.9185,0.928,0.7524,-1.2751,-4.3837,0.0746,0.0949,0.4374,0.3549,,,,,0.9002,0.6006,28-05-2025
Paul Graham,Early Work.txt,492,330,500,0.3758,0.3316,0.9855,0.9548,0.9557,0.8394,-0.69,2.9798,0.0946,0.1247,0.4832,0.7115,,,,,0.9539,0.6692,28-05-2025
Paul Graham,The Anatomy of Determination .txt,494,331,500,0.1746,0.2514,0.9743,0.9698,0.9597,0.8517,-0.6397,-2.355,0.0427,0.0723,0.4033,0.683,,,,,0.9755,0.4984,28-05-2025
Paul Graham,Earnestness.txt,471,300,500,0.2595,0.1988,0.9735,0.906,0.8084,0.9033,3.1191,1.4093,0.0654,0.0514,0.4812,0.5606,,,,,0.9029,0.7398,28-05-2025
Paul Graham,Heresy.txt,495,300,500,0.0829,0.1848,0.9542,0.9532,0.9446,0.9573,-0.9844,-0.7586,0.0271,0.0433,0.626,0.628,,,,,0.9583,0.5711,28-05-2025
Paul Graham,What You Can't Say.txt,498,314,500,0.3689,0.1898,0.9656,0.8923,0.91,0.8352,1.4896,-2.4819,0.0773,0.0545,0.3513,0.158,,,,,0.9034,0.5049,28-05-2025
Paul Graham,Subject_ Airbnb.txt,479,295,500,0.4078,0.125,0.945,0.923,0.5015,0.6631,18.4101,-6.2385,0.128,0.1147,0.4947,0.4206,,,,,0.8867,0.4821,28-05-2025
Paul Graham,A New Venture Animal.txt,497,301,500,0.1402,0.2247,0.9189,0.8867,0.9338,0.6053,1.1313,-6.3021,0.0455,0.0717,0.39,0.6717,,,,,0.9372,0.5771,28-05-2025
Paul Graham,The Ronco Principle.txt,485,319,145,0.1473,0.4271,0.9651,0.9449,0.6231,0.8162,7.0203,2.6127,0.059,0.0983,0.3245,0.6309,,,,,0.8641,0.6205,28-05-2025
Paul Graham,Orthodox Privilege.txt,483,308,167,0.2141,0.0909,0.9497,0.9487,0.9322,0.6157,1.3704,-7.2447,0.0499,0.0451,0.6027,0.3559,,,,,0.8705,0.7043,28-05-2025
Paul Graham,What Business Can Learn from Open Source.txt,499,323,500,0.1737,0.2513,0.9785,0.9404,0.9603,0.8541,0.6392,-2.2545,0.0612,0.0569,0.4399,0.1768,,,,,0.9039,0.5131,28-05-2025
Paul Graham,Hackers and Painters.txt,483,313,500,0.2404,0.1388,0.9815,0.9631,0.9371,0.8655,1.1453,-2.2962,0.0699,0.0525,0.7141,0.5535,,,,,0.9755,0.3971,28-05-2025
Paul Graham,The Refragmentation.txt,484,320,500,0.1509,0.2415,0.9772,0.9259,0.9105,0.9205,-1.3785,1.3306,0.0522,0.0542,0.4899,0.4745,,,,,0.9171,0.5566,28-05-2025
Paul Graham,Superlinear Returns.txt,483,306,500,0.2359,0.2187,0.9664,0.8996,0.9119,0.847,1.5063,-2.3854,0.0649,0.0484,0.2277,0.7301,,,,,0.932,0.5761,28-05-2025
Paul Graham,The Airbnbs.txt,496,283,500,0.1575,0.0583,0.9848,0.8516,0.8002,0.5755,3.4158,-5.8092,0.0613,0.0438,0.6451,0.6136,,,,,0.9215,0.5054,28-05-2025
Paul Graham,Undergraduation.txt,499,328,500,0.1592,0.185,0.9625,0.9369,0.7742,0.9264,4.4988,1.2258,0.0591,0.0575,0.439,0.4267,,,,,0.948,0.6096,28-05-2025
Paul Graham,What We Look for in Founders.txt,484,300,313,0.163,0.2865,0.9772,0.9372,0.9516,0.9902,0.6538,-0.1262,0.0483,0.1704,0.6137,0.6766,,,,,0.8836,0.6794,28-05-2025
Paul Graham,What You'll Wish You'd Known.txt,474,307,500,0.2005,0.1406,0.9687,0.9585,0.889,0.8754,1.9312,-1.9271,0.0675,0.0682,0.2737,0.4418,,,,,0.9038,0.6282,28-05-2025
Paul Graham,Why to Start a Startup in a Bad Economy.txt,496,323,500,0.2998,0.3476,0.9817,0.9499,0.9394,0.9417,1.0127,-0.9144,0.0789,0.0776,0.7055,0.7127,,,,,0.9586,0.6752,28-05-2025
Paul Graham,How to Do Great Work.txt,494,327,500,0.4109,0.2805,0.9829,0.928,0.9065,0.7511,1.5569,-3.7549,0.0744,0.0569,0.4561,0.4257,,,,,0.8914,0.6129,28-05-2025
Paul Graham,Revenge of the Nerds.txt,498,293,500,0.3788,0.3372,0.9826,0.9433,0.9025,0.8164,-1.5328,-2.8873,0.1112,0.1194,0.6309,0.7181,,,,,0.9831,0.6194,28-05-2025
Paul Graham,Founder Control.txt,477,303,302,0.3576,0.3589,0.9425,0.9157,0.7661,0.9736,4.5606,-0.3939,0.0829,0.058,0.6278,0.5427,,,,,0.8955,0.5107,28-05-2025
Paul Graham,Design and Research.txt,489,308,500,0.3483,0.3836,0.957,0.9581,0.9385,0.8842,-1.0733,-2.0197,0.0961,0.1158,0.3341,0.6314,,,,,0.9171,0.7053,28-05-2025
Paul Graham,The Lesson to Unlearn.txt,487,337,500,0.2501,0.1539,0.9479,0.8946,0.9393,0.6682,1.1182,-5.7437,0.0712,0.034,0.5962,0.3461,,,,,0.9327,0.4832,28-05-2025
Paul Graham,Trolls.txt,488,337,404,0.3216,0.3295,0.9659,0.9544,0.735,0.8935,-4.7321,-1.9026,0.0703,0.0831,0.6746,0.6989,,,,,0.8791,0.7225,28-05-2025
Paul Graham,Why Smart People Have Bad Ideas.txt,462,319,500,0.162,0.2022,0.9801,0.8625,0.8031,0.6906,3.1875,5.8235,0.0533,0.0608,0.4843,0.4063,,,,,0.9537,0.6564,28-05-2025
Paul Graham,Alien Truth.txt,489,341,195,0.3653,0.422,0.9522,0.9578,0.7301,0.8436,6.1183,-2.5884,0.0679,0.1299,0.7353,0.6836,,,,,0.8169,0.8493,28-05-2025
Paul Graham,The Four Quadrants of Conformism.txt,485,308,500,0.1552,0.1706,0.9394,0.9611,0.8995,0.8624,1.9796,-2.4384,0.0942,0.1213,0.5334,0.6811,,,,,0.8673,0.7579,28-05-2025
Paul Graham,Lies We Tell Kids.txt,488,317,500,0.2397,0.1148,0.9536,0.8961,0.9281,0.7861,-1.2349,-3.6724,0.0533,0.0364,0.5604,0.4611,,,,,0.9782,0.4837,28-05-2025
Paul Graham,The Two Kinds of Moderate.txt,485,312,183,0.2711,0.3571,0.9636,0.9303,0.725,0.4933,-5.4554,-10.0521,0.0734,0.108,0.5516,0.6277,,,,,0.7396,0.8349,28-05-2025
Paul Graham,The Island Test.txt,500,315,255,0.1486,0.1931,0.9693,0.9647,0.8388,0.9574,2.5132,-0.5565,0.0424,0.0789,0.5121,0.4493,,,,,0.9243,0.5809,28-05-2025
Paul Graham,Putting Ideas into Words.txt,491,330,500,0.3478,0.1664,0.9297,0.9221,0.9211,0.9722,1.2416,-0.4024,0.0744,0.0503,0.6066,0.6688,,,,,0.9226,0.5305,28-05-2025
Paul Graham,Good and Bad Procrastination.txt,500,290,500,0.4072,0.2084,0.9807,0.8299,0.992,0.2975,-0.1307,-11.46,0.0799,0.0602,0.4836,0.6688,,,,,0.8755,0.5137,28-05-2025
Paul Graham,The Top Idea in Your Mind .txt,497,304,500,0.2584,0.2052,0.9727,0.9323,0.9108,0.862,1.5455,-2.1792,0.0685,0.06,0.718,0.6576,,,,,0.8326,0.4563,28-05-2025
Paul Graham,Taste for Makers.txt,474,308,500,0.2254,0.3166,0.9744,0.9483,0.9705,0.7831,-0.4573,4.2964,0.0589,0.0903,0.5314,0.5953,,,,,0.8652,0.5939,28-05-2025
Paul Graham,The Patent Pledge.txt,496,335,183,0.3726,0.1918,0.9489,0.8834,0.8837,0.7038,2.008,6.4228,0.1011,0.0755,0.5466,0.2907,,,,,0.789,0.5387,28-05-2025
Paul Graham,Ideas for Startups.txt,451,317,500,0.3149,0.3602,0.9799,0.9168,0.6617,0.9306,6.9088,-0.9374,0.0966,0.1485,0.5485,0.704,,,,,0.8388,0.7239,28-05-2025
Paul Graham,Default Alive or Default Dead_.txt,496,320,500,0.1856,0.5292,0.9689,0.9584,0.9772,0.5431,-0.3914,-7.8278,0.0756,0.1193,0.4479,0.7197,,,,,0.8582,0.616,28-05-2025
Paul Graham,Microsoft is Dead.txt,497,307,500,0.2875,0.178,0.9332,0.9153,0.7749,0.9171,3.506,-1.0008,0.0539,0.0484,0.3622,0.6193,,,,,0.9532,0.5995,28-05-2025
Paul Graham,Why to Not Not Start a Startup.txt,492,341,500,0.2175,0.0911,0.9698,0.8259,0.9566,0.9254,0.6765,-1.1118,0.0626,0.0383,0.5774,0.2894,,,,,0.9702,0.4392,28-05-2025
Paul Graham,Writes and Write-Nots.txt,497,317,57,0.1724,0.4414,0.9108,0.9709,0.7688,0.9118,-3.4286,-1.3086,0.0341,0.1105,0.3994,0.4339,,,,,0.7857,0.7857,28-05-2025
Paul Graham,A Unified Theory of VC Suckage.txt,491,302,500,0.1554,0.256,0.9505,0.9262,0.9495,0.8228,0.7413,3.0029,0.0501,0.0778,0.5257,0.5983,,,,,0.9202,0.643,28-05-2025
Paul Graham,What I Worked On.txt,479,302,500,0.1321,0.0221,0.9865,0.8881,0.8959,0.8394,2.0495,-2.8333,0.0426,0.0252,0.4827,0.4277,,,,,0.8803,0.41,28-05-2025
Paul Graham,Beating the Averages.txt,498,317,500,0.2371,0.3493,0.9701,0.9208,0.7992,0.9885,-3.5172,-0.2015,0.0627,0.1087,0.4266,0.2739,,,,,0.8708,0.4181,28-05-2025
Paul Graham,Jessica Livingston.txt,488,328,500,0.3767,0.5043,0.9663,0.9652,0.9355,0.7617,0.9302,-3.2138,0.0667,0.1481,0.6426,0.6396,,,,,0.9567,0.6667,28-05-2025
Paul Graham,Billionaires Build.txt,482,312,500,0.2363,0.2819,0.9809,0.9284,0.9398,0.6279,-1.1886,-7.3526,0.0517,0.0872,0.3941,0.4051,,,,,0.9572,0.4698,28-05-2025
Paul Graham,A Fundraising Survival Guide.txt,477,309,500,0.2279,0.3355,0.9537,0.9419,0.841,0.8448,2.6317,2.557,0.058,0.1359,0.7566,0.737,,,,,0.9312,0.9166,28-05-2025
Paul Graham,How People Get Rich Now.txt,498,330,500,0.3152,0.0951,0.975,0.8515,0.9536,0.8189,0.7671,-2.8582,0.0844,0.0531,0.612,0.4094,,,,,0.9174,0.6591,28-05-2025
Paul Graham,The Origins of Wokeness.txt,491,307,500,0.1624,0.0598,0.9327,0.9413,0.959,0.7753,-0.5923,4.1899,0.0604,0.0356,0.3319,0.2701,,,,,0.9159,0.5878,28-05-2025
Paul Graham,Better Bayesian Filtering.txt,496,323,500,0.2846,0.2903,0.9792,0.9169,0.9942,0.9951,0.0833,0.07,0.0636,0.0726,0.6333,0.7359,,,,,0.9418,0.6169,28-05-2025
Paul Graham,How to Think for Yourself.txt,499,294,500,0.2718,0.2222,0.9707,0.9729,0.8571,0.8043,2.7411,4.0,0.095,0.0923,0.3254,0.3088,,,,,0.9584,0.7487,28-05-2025
Paul Graham,Persuade xor Discover .txt,491,301,500,0.2807,0.1018,0.98,0.8748,0.8498,0.793,-2.6256,-3.6191,0.0928,0.0551,0.4312,0.2842,,,,,0.9216,0.5466,28-05-2025
Paul Graham,Disconnecting Distraction.txt,488,331,500,0.2616,0.2416,0.9811,0.9436,0.8634,0.8563,2.27,2.4071,0.0712,0.0612,0.6484,0.5037,,,,,0.8759,0.6821,28-05-2025
Paul Graham,Is There Such a Thing as Good Taste_.txt,490,322,500,0.3287,0.5993,0.9586,0.9644,0.9518,0.9431,0.8644,-0.9714,0.0724,0.1392,0.7158,0.6631,,,,,0.8749,0.6783,28-05-2025
Paul Graham,Filters that Fight Back.txt,481,308,343,0.4116,0.4399,0.9838,0.9724,0.7738,0.7301,-4.3237,-5.1589,0.0853,0.1018,0.6405,0.7237,,,,,0.9115,0.8754,28-05-2025
Paul Graham,Life is Short.txt,494,318,500,0.2357,0.0816,0.9754,0.821,0.8555,0.8717,2.4524,2.1357,0.063,0.0347,0.2438,0.4104,,,,,0.9567,0.5426,28-05-2025
Paul Graham,A Way to Detect Bias.txt,469,331,96,0.0976,0.2517,0.9105,0.9748,0.7488,0.7644,6.1538,5.6538,0.0414,0.0832,0.444,0.7238,,,,,0.6831,0.7167,28-05-2025
Paul Graham,Why Startups Condense in America.txt,494,312,500,0.2242,0.2161,0.9719,0.9612,0.9515,0.8079,-0.7019,-2.782,0.0557,0.0528,0.488,0.6438,,,,,0.8466,0.6557,28-05-2025
Paul Graham,Is It Worth Being Wise_.txt,496,290,500,0.4242,0.3787,0.9712,0.9378,0.8775,0.9179,2.3593,1.5118,0.103,0.1361,0.8166,0.7078,,,,,0.9425,0.7871,28-05-2025
Paul Graham,Beyond Smart.txt,476,295,500,0.378,0.1041,0.9561,0.7887,0.654,0.8848,7.688,1.8916,0.0927,0.0403,0.5868,0.3727,,,,,0.9538,0.3652,28-05-2025
Paul Graham,Why TV Lost.txt,488,299,500,0.2673,0.1021,0.9738,0.9174,0.7367,0.9163,5.2557,1.3441,0.0625,0.039,0.5312,0.6461,,,,,0.9232,0.554,28-05-2025
Paul Graham,Startup Investing Trends.txt,498,313,500,0.2868,0.1626,0.9548,0.94,0.9773,0.9027,0.3627,-1.5191,0.0667,0.0554,0.5714,0.5258,,,,,0.9306,0.641,28-05-2025
Paul Graham,The Power of the Marginal.txt,490,313,500,0.1082,0.1683,0.9714,0.9065,0.8487,0.8157,2.8403,-2.9375,0.0318,0.0517,0.3356,0.3969,,,,,0.94,0.4897,28-05-2025
Paul Graham,The Future of Startup Funding .txt,491,309,500,0.3597,0.2755,0.9496,0.9767,0.9115,0.9258,-1.5893,-1.3327,0.0881,0.0798,0.7516,0.7072,,,,,0.86,0.5605,28-05-2025
Paul Graham,The Other Half of _Artists Ship_  .txt,489,336,500,0.2576,0.199,0.9723,0.9729,0.7384,0.8287,-4.8929,-3.2037,0.0654,0.0425,0.4987,0.6354,,,,,0.8666,0.4758,28-05-2025
Paul Graham,How to Be an Angel Investor.txt,482,313,500,0.3186,0.3141,0.9693,0.934,0.896,0.8183,-1.4643,3.1272,0.0756,0.0985,0.5486,0.4719,,,,,0.9665,0.649,28-05-2025
Paul Graham,How to Do What You Love.txt,492,317,500,0.4705,0.3413,0.937,0.9594,0.7964,0.8403,3.7521,-2.3431,0.0724,0.0621,0.4459,0.3363,,,,,0.8703,0.6389,28-05-2025
Paul Graham,Five Founders.txt,491,319,266,0.1807,0.1654,0.9711,0.9421,0.8237,0.9865,2.8731,-0.1811,0.0472,0.054,0.6117,0.5343,,,,,0.9175,0.6454,28-05-2025
Paul Graham,The Acceleration of Addictiveness.txt,483,326,500,0.2332,0.3222,0.9616,0.9448,0.9106,0.5384,1.4669,12.8106,0.0594,0.0913,0.5924,0.6609,,,,,0.8023,0.831,28-05-2025
Paul Graham,Economic Inequality.txt,494,336,500,0.4029,0.2635,0.981,0.9345,0.7069,0.6079,6.7815,-6.412,0.0853,0.0843,0.5993,0.6366,,,,,0.8998,0.4711,28-05-2025
Paul Graham,Black Swan Farming.txt,495,322,500,0.3324,0.2061,0.9652,0.9539,0.8638,0.9781,-2.7903,0.4575,0.0855,0.1191,0.6536,0.6888,,,,,0.9217,0.7386,28-05-2025
Paul Graham,A Plan for Spam.txt,494,331,500,0.2336,0.3428,0.9422,0.9354,0.8909,0.7364,1.933,-4.1606,0.0509,0.0821,0.5817,0.7703,,,,,0.8712,0.4777,28-05-2025
Paul Graham,The 18 Mistakes That Kill Startups.txt,499,315,500,0.1979,0.1944,0.9701,0.9494,0.9238,0.8417,1.1869,-2.2778,0.0571,0.0684,0.3497,0.4492,,,,,0.8637,0.6104,28-05-2025
Paul Graham,Can You Buy a Silicon Valley_  Maybe..txt,489,339,500,0.5155,0.3817,0.9749,0.9238,0.9121,0.744,-1.4765,-4.3,0.091,0.1322,0.7321,0.8612,,,,,0.936,0.6988,28-05-2025
Paul Graham,The Hardest Lessons for Startups to Learn.txt,498,312,500,0.2727,0.2547,0.9849,0.944,0.8034,0.9246,-3.238,-1.2415,0.0739,0.0849,0.6093,0.6208,,,,,0.9677,0.5278,28-05-2025
Paul Graham,What You (Want to)_ Want.txt,495,310,16,0.0,0.2068,0.6884,0.8916,0.7722,0.917,-4.72,-1.72,0.0,0.0669,0.0956,0.4878,,,,,0.3437,0.756,28-05-2025
Paul Graham,The Reddits.txt,473,283,500,0.2045,0.1525,0.9645,0.8653,0.87,0.844,2.0964,-2.1886,0.0607,0.047,0.4521,0.6012,,,,,0.9634,0.4127,28-05-2025
Paul Graham,"It's Charisma, Stupid.txt",500,291,500,0.1764,0.1823,0.9711,0.8414,0.875,0.632,2.2679,-5.8427,0.057,0.0683,0.4328,0.5543,,,,,0.9806,0.474,28-05-2025
Paul Graham,How to Raise Money.txt,495,316,500,0.3041,0.1752,0.9473,0.8756,0.9807,0.7254,0.3333,-4.6407,0.0672,0.0444,0.5969,0.5829,,,,,0.89,0.5427,28-05-2025
Paul Graham,Holding a Program in One's Head.txt,492,313,500,0.3018,0.3627,0.99,0.94,0.8182,0.4429,-3.204,-9.8158,0.0791,0.1137,0.5124,0.5793,,,,,0.9314,0.7264,28-05-2025
Paul Graham,After Credentials.txt,489,312,500,0.2034,0.1571,0.9131,0.9196,0.9043,0.9092,-1.7622,-1.6706,0.0644,0.0569,0.314,0.4634,,,,,0.8369,0.5941,28-05-2025
Paul Graham,How Not to Die.txt,483,322,500,0.2633,0.1216,0.9731,0.8569,0.9712,0.9537,0.4286,-0.6686,0.0617,0.053,0.5148,0.4192,,,,,0.8924,0.4653,28-05-2025
Paul Graham,Organic Startup Ideas.txt,487,339,500,0.3225,0.154,0.9853,0.8923,0.9563,0.8492,-0.6821,-2.3558,0.0932,0.0628,0.5812,0.5141,,,,,0.9926,0.5473,28-05-2025
Paul Graham,How to Fund a Startup.txt,495,323,500,0.2507,0.1733,0.9575,0.8887,0.8733,0.983,2.3125,-0.2708,0.0548,0.0639,0.6402,0.6628,,,,,0.8602,0.5684,28-05-2025
Paul Graham,What I Did this Summer.txt,469,325,500,0.288,0.2364,0.9547,0.9667,0.9529,0.9015,0.7661,-1.5255,0.0707,0.0703,0.4878,0.6919,,,,,0.8744,0.6384,28-05-2025
Paul Graham,What Happened to Yahoo .txt,500,309,500,0.3762,0.2323,0.9865,0.9179,0.9497,0.9627,-0.732,-0.5429,0.0941,0.0738,0.7137,0.6593,,,,,0.9833,0.5474,28-05-2025
Paul Graham,What the Bubble Got Right.txt,489,329,500,0.1698,0.0979,0.954,0.8772,0.8915,0.8384,1.6768,-2.2261,0.0632,0.035,0.4516,0.393,,,,,0.9707,0.4802,28-05-2025
Paul Graham,How to Write Usefully.txt,496,322,500,0.2014,0.234,0.9613,0.9467,0.9812,0.7716,0.2778,-3.3056,0.0613,0.0767,0.5451,0.5444,,,,,0.9847,0.5166,28-05-2025
Paul Graham,Having Kids.txt,478,322,500,0.3557,0.0637,0.9384,0.8957,0.9979,0.7825,-0.0301,-3.0571,0.0643,0.0513,0.5562,0.5825,,,,,0.9689,0.4717,28-05-2025
Paul Graham,The High-Res Society.txt,489,317,500,0.1855,0.1685,0.9654,0.9201,0.9801,0.7823,-0.3437,-3.7687,0.0498,0.0442,0.7427,0.6476,,,,,0.9456,0.5722,28-05-2025
Paul Graham,Hiring is Obsolete.txt,490,315,500,0.2625,0.1171,0.9757,0.9111,0.9158,0.8795,1.4066,-1.8447,0.0722,0.0373,0.4795,0.2008,,,,,0.9641,0.5637,28-05-2025
Paul Graham,How to Start Google.txt,497,300,500,0.1613,0.0631,0.974,0.9361,0.7819,0.707,-4.1513,-5.5787,0.0518,0.0358,0.498,0.2675,,,,,0.8947,0.7693,28-05-2025
Paul Graham,When To Do What You Love.txt,498,319,500,0.3017,0.3815,0.9696,0.9566,0.912,0.966,1.6524,0.6035,0.0751,0.0939,0.6041,0.3807,,,,,0.93,0.6093,28-05-2025
Paul Graham,A Word to the Resourceful.txt,498,325,301,0.1468,0.188,0.9388,0.916,0.9646,0.7644,0.7014,-4.5024,0.0512,0.0773,0.5384,0.5182,,,,,0.8793,0.7516,28-05-2025
Paul Graham,Write Like You Talk.txt,496,359,212,0.3656,0.3523,0.9615,0.9548,0.9697,0.7249,-0.4727,5.9234,0.0956,0.105,0.5471,0.6818,,,,,0.9001,0.848,28-05-2025
Paul Graham,Schlep Blindness.txt,492,307,358,0.2174,0.2669,0.9806,0.9448,0.9728,0.8874,0.4057,-1.6343,0.0725,0.1006,0.64,0.6043,,,,,0.8917,0.6629,28-05-2025
Paul Graham,Bradley's Ghost.txt,496,309,122,0.25,0.3758,0.9672,0.9564,0.7683,0.9117,4.0714,-1.1923,0.0731,0.0823,0.6519,0.7149,,,,,0.8125,0.6018,28-05-2025
Paul Graham,What I've Learned from Hacker News.txt,495,269,500,0.1316,0.1105,0.9862,0.9427,0.9924,0.514,-0.125,-7.9583,0.0516,0.0302,0.2558,0.3642,,,,,0.9375,0.5002,28-05-2025
Paul Graham,"6,631,372.txt",467,324,225,0.1064,0.2219,0.9521,0.9617,0.9919,0.868,-0.1567,-2.54,0.0387,0.0844,0.4452,0.6179,,,,,0.8658,0.6057,28-05-2025
Paul Graham,Investor Herd Dynamics.txt,496,315,500,0.3605,0.2611,0.9682,0.9294,0.9438,0.8643,1.0767,-2.4524,0.0713,0.0545,0.5246,0.5946,,,,,0.9611,0.6109,28-05-2025
Paul Graham,Copy What You Like.txt,481,313,449,0.2098,0.1821,0.9328,0.8742,0.8893,0.9409,1.7901,0.9034,0.0609,0.0744,0.5534,0.3994,,,,,0.8903,0.5241,28-05-2025
Paul Graham,Made in USA.txt,464,304,500,0.2599,0.2558,0.9879,0.9355,0.9283,0.9528,1.0571,-0.6457,0.0688,0.0734,0.5213,0.4484,,,,,0.9376,0.6372,28-05-2025
Paul Graham,How to Make Pittsburgh a Startup Hub.txt,499,325,500,0.28,0.3432,0.9763,0.9168,0.8607,0.9315,-1.9244,1.0153,0.1025,0.0794,0.5596,0.6461,,,,,0.9495,0.6893,28-05-2025
Paul Graham,Keep Your Identity Small  .txt,482,340,385,0.2622,0.2354,0.9661,0.9779,0.912,0.8447,1.6634,3.1704,0.0662,0.0797,0.554,0.5472,,,,,0.9292,0.7058,28-05-2025
Paul Graham,What to Do.txt,498,329,500,0.2718,0.4705,0.972,0.9313,0.7371,0.895,5.0926,1.6746,0.0786,0.1651,0.4826,0.6174,,,,,0.9624,0.7937,28-05-2025
Paul Graham,Return of the Mac.txt,491,311,500,0.2546,0.2091,0.9738,0.8852,0.9423,0.7944,-0.8737,-3.1145,0.0627,0.0729,0.384,0.6307,,,,,0.9073,0.6242,28-05-2025
Paul Graham,"Maker's Schedule, Manager's Schedule .txt",495,318,500,0.4651,0.3603,0.9857,0.9238,0.7853,0.7061,3.8723,-4.1622,0.0922,0.0946,0.5569,0.6544,,,,,0.8816,0.4248,28-05-2025
Paul Graham,Cities and Ambition.txt,485,293,500,0.304,0.0843,0.9582,0.7737,0.8799,0.9575,1.8299,0.5946,0.0853,0.0385,0.5246,0.3746,,,,,0.9726,0.2355,28-05-2025
Paul Graham,After the Ladder.txt,497,58,88,0.1931,0.1299,0.9422,0.2884,0.7383,0.7156,-4.5567,6.9195,0.0484,0.0148,0.4517,0.2617,,,,,0.7609,0.5789,28-05-2025
Paul Graham,Ramen Profitable.txt,484,302,500,0.3447,0.2105,0.9765,0.9633,0.8846,0.9029,-1.9238,-1.619,0.0957,0.0693,0.8016,0.7794,,,,,0.9723,0.7802,28-05-2025
Paul Graham,Before the Startup.txt,487,305,500,0.2273,0.1245,0.9731,0.9318,0.7788,0.9252,4.244,1.2088,0.0671,0.0454,0.5243,0.3363,,,,,0.8832,0.6272,28-05-2025
Paul Graham,Great Hackers.txt,495,317,500,0.1624,0.2915,0.9311,0.9483,0.9113,0.9951,1.3889,0.07,0.051,0.058,0.3475,0.3544,,,,,0.9077,0.5544,28-05-2025
Paul Graham,What Kate Saw in Silicon Valley  .txt,474,302,339,0.2343,0.2164,0.9821,0.9543,0.9118,0.8992,1.2526,-1.3045,0.0676,0.0538,0.6197,0.6808,,,,,0.8959,0.5884,28-05-2025
Paul Graham,Apple's Mistake.txt,480,309,500,0.3895,0.3401,0.9699,0.9435,0.9192,0.8975,1.124,-1.3121,0.0953,0.0963,0.632,0.7131,,,,,0.9561,0.5414,28-05-2025
Paul Graham,How to Get Startup Ideas.txt,450,315,500,0.3582,0.3083,0.9514,0.9387,0.6713,0.9764,5.8267,0.2877,0.0864,0.104,0.6015,0.6016,,,,,0.8698,0.6886,28-05-2025
Paul Graham,Web 2.0.txt,493,297,500,0.2463,0.4048,0.9793,0.8928,0.8996,0.9116,1.2203,1.0612,0.0692,0.0741,0.5216,0.6324,,,,,0.8716,0.6021,28-05-2025
Paul Graham,Change Your Name.txt,492,313,266,0.2011,0.3153,0.957,0.9739,0.9962,0.9244,-0.0527,-1.036,0.0513,0.0864,0.6807,0.4771,,,,,0.9341,0.6077,28-05-2025
Paul Graham,Inequality and Risk.txt,484,306,500,0.168,0.2938,0.9755,0.9235,0.9907,0.7659,-0.1619,-4.0807,0.0402,0.0777,0.3934,0.6204,,,,,0.8119,0.6344,28-05-2025
Paul Graham,Six Principles for Making New Things.txt,474,309,500,0.1863,0.0403,0.9741,0.8713,0.8876,0.9475,2.1405,0.9368,0.0492,0.0226,0.3484,0.364,,,,,0.9185,0.3997,28-05-2025
Paul Graham,Where to See Silicon Valley.txt,496,319,500,0.2728,0.1707,0.9724,0.8133,0.9322,0.983,0.9439,0.225,0.0828,0.0511,0.7479,0.5013,,,,,0.9209,0.4343,28-05-2025
Paul Graham,Write Simply.txt,496,330,13,0.1781,0.3748,0.7074,0.9353,0.9376,0.9109,-0.8649,-1.2352,0.0411,0.0792,0.3802,0.534,,,,,0.4033,0.6927,28-05-2025
Paul Graham,The Future of Web Startups.txt,496,329,500,0.1693,0.2404,0.9735,0.9634,0.9082,0.8489,1.3879,-2.0746,0.0479,0.0617,0.523,0.6578,,,,,0.8825,0.6901,28-05-2025
Paul Graham,How to Be an Expert in a Changing World.txt,500,299,500,0.2713,0.1912,0.9844,0.954,0.9659,0.8174,-0.5882,-3.1464,0.0766,0.0635,0.6038,0.5596,,,,,0.8734,0.5944,28-05-2025
Paul Graham,Succinctness is Power.txt,487,321,500,0.3232,0.1371,0.9769,0.9504,0.9076,0.872,2.1212,-2.6667,0.0726,0.0613,0.3997,0.3944,,,,,0.9574,0.6063,28-05-2025
Paul Graham,The Fatal Pinch.txt,494,304,500,0.2208,0.135,0.9617,0.9488,0.852,0.7573,3.0483,-4.2601,0.0513,0.0625,0.241,0.4054,,,,,0.9477,0.7465,28-05-2025
Paul Krugman,Destroying America's Brand.txt,495,326,500,0.1259,0.1345,0.9716,0.966,0.7513,0.4938,4.0567,-6.2041,0.0402,0.0541,0.3937,0.3435,,,,,0.8986,0.6397,28-05-2025
Paul Krugman,Everybody Hates Elon.txt,484,353,482,0.2319,0.2584,0.9807,0.9624,0.9411,0.9505,-1.4881,-1.25,0.0589,0.0611,0.7233,0.6189,,,,,0.9482,0.5929,28-05-2025
Paul Krugman,DOGE is the Theranos of Cost-Cutting.txt,498,342,500,0.0904,0.1401,0.9813,0.9566,0.9481,0.7824,1.3868,-5.5167,0.0302,0.048,0.4794,0.6401,,,,,0.9689,0.6208,28-05-2025
Paul Krugman,It’s Up to Europe Now.txt,495,343,471,0.1746,0.1799,0.9521,0.9621,0.9275,0.9501,1.3714,0.922,0.0558,0.0424,0.176,0.3495,,,,,0.9331,0.6538,28-05-2025
Paul Krugman,America is Trapped in a Burning Tesla.txt,486,365,500,0.1287,0.0716,0.9899,0.8824,0.934,0.9513,1.5277,-1.0531,0.0424,0.0332,0.3035,0.3353,,,,,0.9695,0.5668,28-05-2025
Paul Krugman,Donald Trump Wants You to Die.txt,478,325,375,0.1577,0.2989,0.985,0.9397,0.6451,0.8998,9.6071,-1.75,0.048,0.1185,0.43,0.53,,,,,0.9428,0.4784,28-05-2025
Paul Krugman,Incompetent or Evil_ A False Dichotomy.txt,459,342,278,0.138,0.136,0.985,0.9393,0.9609,0.575,-0.8377,-9.0987,0.05,0.0439,0.429,0.4381,,,,,0.9117,0.5063,28-05-2025
Paul Krugman,Musk In Your Computers_ An Interview With Nathan Tankus.txt,481,317,500,0.2051,0.2539,0.9673,0.9745,0.6289,0.8408,10.4325,-2.8149,0.0614,0.1018,0.5587,0.4835,,,,,0.8924,0.6221,28-05-2025
Paul Krugman,Stop Looking for Methods in the Madness.txt,497,340,500,0.1946,0.0979,0.9729,0.9283,0.8976,0.7708,1.8192,-3.6537,0.0475,0.0478,0.2035,0.2942,,,,,0.8706,0.4962,28-05-2025
Paul Krugman,Chaos Is Bad for Business.txt,496,327,454,0.1757,0.1125,0.9779,0.952,0.5687,0.8718,8.3741,1.6241,0.0505,0.0309,0.564,0.1997,,,,,0.8732,0.4625,28-05-2025
Paul Krugman,"A Balance of Payments Primer, Part I.txt",481,348,500,0.1106,0.1222,0.976,0.9444,0.8082,0.8452,4.1522,3.2059,0.0469,0.0469,0.495,0.4022,,,,,0.7541,0.5057,28-05-2025
Paul Krugman,Will Malignant Stupidity Kill the World Economy_.txt,443,327,344,0.2518,0.3006,0.9688,0.9532,0.7643,0.5802,4.403,-5.9955,0.0608,0.0685,0.5803,0.5659,,,,,0.8787,0.524,28-05-2025
Paul Krugman,Crypto Is Still for Criming.txt,483,334,469,0.202,0.1168,0.9688,0.8513,0.9503,0.7085,0.8914,-4.9655,0.0422,0.0262,0.3891,0.3539,,,,,0.9648,0.4074,28-05-2025
Paul Krugman,A Belgian Congo Plan for Ukraine.txt,498,332,247,0.2177,0.1664,0.9696,0.9513,0.7828,0.7983,-4.4575,-4.139,0.0495,0.054,0.6995,0.691,,,,,0.9313,0.6292,28-05-2025
Paul Krugman,Cruel and Usual_ Republicans Prepare to Gut Medicaid.txt,479,297,500,0.4193,0.3284,0.9762,0.945,0.9498,0.5135,-1.1884,-11.5128,0.0854,0.0925,0.6835,0.4782,,,,,0.8862,0.6034,28-05-2025
Paul Krugman,Attack of the Quack-Industrial Complex.txt,498,349,379,0.2295,0.0992,0.9748,0.9511,0.7494,0.8843,-4.7063,2.4575,0.0561,0.0473,0.4538,0.422,,,,,0.9129,0.5092,28-05-2025
Paul Krugman,"Lies, Damned Lies and Trumpflation.txt",499,335,500,0.2538,0.2396,0.9781,0.9205,0.9268,0.696,-1.456,-6.0446,0.0483,0.0649,0.2293,0.2561,,,,,0.9809,0.5106,28-05-2025
Paul Krugman,The Trade War Isn’t Over.txt,489,307,489,0.3602,0.2491,0.9506,0.9442,0.9266,0.6167,-1.217,-6.3548,0.0738,0.0679,0.6633,0.5104,,,,,0.9351,0.5782,28-05-2025
Paul Krugman,Did Peter Navarro Save Democracy_.txt,497,337,444,0.2241,0.2403,0.9703,0.8709,0.6417,0.6958,-7.3371,-6.23,0.0436,0.06,0.4931,0.6238,,,,,0.9808,0.4508,28-05-2025
Paul Krugman,Our Government Is Experiencing a Rapid Unscheduled Disassembly.txt,481,344,500,0.1592,0.1784,0.9745,0.8817,0.8051,0.9312,4.2702,-1.2143,0.042,0.0432,0.3991,0.1925,,,,,0.8821,0.3776,28-05-2025
Paul Krugman,How Trump Will Make the Tariff Shock Worse.txt,478,317,392,0.184,0.169,0.9446,0.9213,0.6849,0.6384,6.4286,-5.0525,0.0489,0.0572,0.5353,0.5607,,,,,0.9221,0.5556,28-05-2025
Paul Krugman,Elon Musk Is Faking It.txt,485,338,371,0.2206,0.204,0.9604,0.9482,0.7716,0.9609,4.8208,0.6621,0.0421,0.0548,0.5017,0.3724,,,,,0.9665,0.5807,28-05-2025
Paul Krugman,Deindustrialization_ Causes and Consequences.txt,490,305,78,0.0865,0.2238,0.9402,0.964,0.7412,0.6918,-4.7143,-5.6143,0.0319,0.0655,0.4236,0.4672,,,,,0.7912,0.8549,28-05-2025
Paul Krugman,Tariffs and Poverty Around the World.txt,495,312,391,0.1589,0.1096,0.9804,0.9581,0.8924,0.5361,1.8162,-6.9857,0.0526,0.0342,0.6537,0.5464,,,,,0.9705,0.5608,28-05-2025
Paul Krugman,Democrats Shouldn’t Support Tariffs.txt,489,323,500,0.364,0.2503,0.9842,0.9373,0.8399,0.6043,2.8824,-5.9825,0.071,0.0759,0.5935,0.4413,,,,,0.9284,0.5028,28-05-2025
Paul Krugman,A Mind is a Terrible Thing to Lose.txt,499,343,288,0.2506,0.1007,0.9739,0.8545,0.9339,0.7243,-1.3269,-5.5353,0.0538,0.0357,0.504,0.3845,,,,,0.887,0.5392,28-05-2025
Paul Krugman,A Conversation With Elizabeth Warren.txt,457,321,500,0.2093,0.1836,0.9502,0.964,0.7262,0.6901,5.9333,7.0667,0.0622,0.0712,0.3755,0.4434,,,,,0.942,0.6914,28-05-2025
Paul Krugman,Lessons From the Newark Debacle.txt,493,338,374,0.1802,0.1189,0.9794,0.8992,0.9405,0.4767,-1.3485,-11.8693,0.0578,0.0601,0.2647,0.451,,,,,0.9856,0.5151,28-05-2025
Paul Krugman,Is This the Year We Doom Civilization_.txt,495,330,500,0.1525,0.0531,0.9718,0.9067,0.893,0.7688,2.1061,-4.0662,0.0468,0.0248,0.3811,0.586,,,,,0.9437,0.4528,28-05-2025
Paul Krugman,It’s a Scam! It’s a Purge! It’s a Scam _and_ a Purge.txt,498,341,500,0.2067,0.1899,0.9805,0.8861,0.8729,0.6052,3.2652,-8.8579,0.0742,0.0673,0.6016,0.5632,,,,,0.896,0.4041,28-05-2025
Paul Krugman,"Nathan Tankus, Part II.txt",478,324,500,0.1014,0.1668,0.9642,0.9133,0.7001,0.9046,7.5119,-1.6721,0.0469,0.0612,0.2064,0.5091,,,,,0.801,0.538,28-05-2025
Paul Krugman,Lies and the City.txt,481,317,381,0.2149,0.0915,0.9741,0.9232,0.9371,0.6841,1.4501,-6.8261,0.0574,0.0263,0.4064,0.3929,,,,,0.9565,0.4954,28-05-2025
Paul Krugman,MAGA Is Already Eating Its Own. Pass the Popcorn.txt,497,341,500,0.2076,0.2591,0.9714,0.9579,0.8471,0.7561,-4.103,-6.548,0.0701,0.0834,0.0535,0.5788,,,,,0.8943,0.4728,28-05-2025
Paul Krugman,Trump To New York_ Drop Dead.txt,493,361,292,0.2582,0.2328,0.9896,0.9221,0.9635,0.942,-0.8755,-1.3899,0.0705,0.074,0.7309,0.6288,,,,,0.8334,0.4835,28-05-2025
Paul Krugman,Why You Should Fear a Trumpified Fed.txt,500,347,409,0.266,0.2594,0.9724,0.9255,0.6287,0.8883,7.891,-1.4923,0.0655,0.0399,0.566,0.552,,,,,0.9232,0.623,28-05-2025
Paul Krugman,Trump Is Planning the Biggest Heist in History.txt,497,333,488,0.3133,0.1789,0.9761,0.9535,0.9497,0.8725,-0.8885,2.5801,0.0788,0.079,0.6449,0.6203,,,,,0.922,0.6086,28-05-2025
Paul Krugman,Trump is the Godfather in Reverse.txt,490,329,288,0.2647,0.3245,0.9823,0.9606,0.7515,0.6547,-4.3268,-6.0138,0.0559,0.0604,0.6255,0.5809,,,,,0.9124,0.6619,28-05-2025
Paul Krugman,The Paranoid Style in MAGA Policy.txt,487,328,365,0.1208,0.3204,0.9598,0.9701,0.8252,0.7425,-3.8219,-5.6315,0.0381,0.1177,0.5557,0.6682,,,,,0.9799,0.8576,28-05-2025
Paul Krugman,"Trump Is Stupid, Erratic and Weak.txt",487,336,500,0.2308,0.2164,0.9688,0.9302,0.8524,0.8091,-2.7441,-3.5491,0.061,0.0892,0.7589,0.7121,,,,,0.808,0.7583,28-05-2025
Paul Krugman,The Third-Worlding of America.txt,475,340,500,0.2498,0.0483,0.9903,0.9145,0.8885,0.7418,-2.0231,-4.6866,0.0636,0.0328,0.6049,0.4987,,,,,0.8913,0.609,28-05-2025
Paul Krugman,The Stages of Trumpist Economic Grief.txt,463,312,500,0.3231,0.2465,0.9791,0.9151,0.9408,0.8087,1.1425,-3.472,0.0914,0.0393,0.5338,0.5883,,,,,0.9205,0.4395,28-05-2025
Paul Krugman,Europe_ Is the Force Awakening_.txt,486,315,500,0.183,0.0739,0.969,0.913,0.8486,0.3449,-2.9702,-12.8507,0.0417,0.0152,0.3787,0.4312,,,,,0.9069,0.3284,28-05-2025
Paul Krugman,The Clean Little Secret of Social Security.txt,500,279,500,0.4538,0.3513,0.9778,0.9607,0.9188,0.6657,1.7083,-6.4638,0.0839,0.0813,0.5953,0.4535,,,,,0.9388,0.6142,28-05-2025
Paul Krugman,In Praise of California.txt,488,339,500,0.2969,0.2308,0.9884,0.9413,0.9431,0.4672,-1.4812,-13.8802,0.0692,0.0637,0.39,0.3956,,,,,0.9249,0.454,28-05-2025
Paul Krugman,The End of North America.txt,497,334,338,0.2405,0.2717,0.9703,0.9112,0.9428,0.6454,-1.0897,-6.7513,0.0594,0.0788,0.6526,0.5459,,,,,0.8487,0.5937,28-05-2025
Paul Krugman,Trump Is Doing Exactly What He Said He Would. Who Could Have Predicted That_.txt,495,345,500,0.1746,0.0653,0.9791,0.9399,0.8561,0.5772,3.3497,-8.4231,0.0514,0.0325,0.5387,0.4946,,,,,0.9524,0.526,28-05-2025
Paul Krugman,The Pathetic Billionaires’ Club.txt,458,351,500,0.1568,0.1071,0.9771,0.9487,0.9103,0.7773,2.0909,6.0804,0.0431,0.0386,0.6079,0.5336,,,,,0.9878,0.5258,28-05-2025
Paul Krugman,"Cronyism, Capitulation and Utter Chaos.txt",483,334,159,0.231,0.1632,0.9442,0.9248,0.8489,0.8867,2.7708,-1.7625,0.0433,0.0874,0.5405,0.4345,,,,,0.8583,0.5976,28-05-2025
Paul Krugman,"Smears, Sadism and Social Security.txt",489,354,456,0.2787,0.1679,0.9782,0.9453,0.8959,0.994,2.3105,0.12,0.0636,0.0705,0.5903,0.5523,,,,,0.9549,0.5811,28-05-2025
Paul Krugman,The Cost of Chaos_ This is Getting Scary.txt,494,333,500,0.1509,0.287,0.987,0.9244,0.9373,0.8568,1.1379,-2.4348,0.0572,0.0644,0.3686,0.4398,,,,,0.9437,0.5105,28-05-2025
Paul Krugman,Autogolpe.txt,486,327,500,0.2585,0.1439,0.9876,0.9583,0.8632,0.8588,-2.7533,3.3086,0.0557,0.0441,0.5401,0.4813,,,,,0.973,0.5767,28-05-2025
Paul Krugman,Stop! In the Name of Trump!.txt,481,346,132,0.1064,0.1331,0.9634,0.8784,0.5814,0.7524,-6.5271,-3.8604,0.0252,0.0529,0.6854,0.5201,,,,,0.8594,0.5068,28-05-2025
Paul Krugman,When MAGA Meets Minsky.txt,474,337,500,0.1946,0.1337,0.9815,0.9456,0.9601,0.7923,-0.9591,-4.9944,0.0478,0.0506,0.336,0.5114,,,,,0.9551,0.5184,28-05-2025
Paul Krugman,An Explosion of Lies.txt,496,346,500,0.1869,0.2494,0.979,0.9122,0.7778,0.8642,-5.3545,-3.2717,0.0466,0.0631,0.5818,0.7216,,,,,0.9525,0.5464,28-05-2025
Paul Krugman,The Economic Excuse Industry is Booming.txt,499,342,500,0.2284,0.1246,0.9826,0.8954,0.9364,0.6646,-1.2209,-6.4352,0.0633,0.0384,0.4958,0.5433,,,,,0.8452,0.3474,28-05-2025
Paul Krugman,Sabotaging the Pax Americana.txt,496,308,500,0.2227,0.0202,0.979,0.8713,0.8631,0.2511,-2.3895,-13.0667,0.0561,0.0248,0.5159,0.3727,,,,,0.9593,0.2691,28-05-2025
Paul Krugman,RFK Jr. and the MAGA Death Trip.txt,489,337,500,0.1313,0.2969,0.9862,0.9803,0.8676,0.7079,2.5018,-4.7871,0.0378,0.0875,0.2027,0.4665,,,,,0.9561,0.6836,28-05-2025
Paul Krugman,"Law Firms, Trade Wars and the Weakness of Monarchs.txt",493,344,500,0.1648,0.1299,0.9714,0.928,0.9784,0.9165,0.4074,-1.5397,0.0469,0.0307,0.1141,0.3671,,,,,0.91,0.5141,28-05-2025
Paul Krugman,A Note to Subscribers from Paul Krugman.txt,473,331,86,0.0868,0.2268,0.9806,0.9348,0.9086,0.8089,-1.85,-3.869,0.0379,0.0824,0.3025,0.3966,,,,,0.8813,0.7451,28-05-2025
Paul Krugman,Social Security_ A Time for Outrage.txt,460,336,500,0.2273,0.3728,0.9685,0.9341,0.9171,0.729,2.0476,-6.1429,0.0624,0.0751,0.6088,0.6527,,,,,0.9345,0.6147,28-05-2025
Paul Krugman,"Repost_ The Fraudulence of “Waste, Fraud and Abuse”.txt",472,331,500,0.1572,0.2451,0.9855,0.9344,0.7192,0.9427,6.3116,0.9833,0.0405,0.0615,0.312,0.1428,,,,,0.9758,0.5159,28-05-2025
Paul Krugman,How a Con Man President Is Destroying Confidence.txt,491,349,444,0.2514,0.1319,0.9797,0.9278,0.9606,0.8609,-0.7063,-2.4938,0.0394,0.0485,0.2078,0.2278,,,,,0.793,0.5819,28-05-2025
Paul Krugman,Trump Hates Canada for its Decency.txt,499,312,174,0.2005,0.3914,0.9636,0.9615,0.5399,0.7697,-8.7593,-4.3849,0.0387,0.0927,0.5759,0.8093,,,,,0.8952,0.657,28-05-2025
Paul Krugman,"Drill, Baby, Dr … Never Mind.txt",489,340,298,0.2441,0.2659,0.9833,0.9652,0.7485,0.7321,-5.6919,-6.0649,0.0648,0.0784,0.5828,0.4996,,,,,0.9234,0.5469,28-05-2025
Paul Krugman,A Liz Truss Moment for America_.txt,463,354,468,0.173,0.0684,0.9874,0.866,0.9355,0.5019,-1.243,-9.6043,0.0557,0.0174,0.3254,0.3874,,,,,0.9239,0.2894,28-05-2025
Paul Krugman,MAGA is Bad for Business.txt,483,332,442,0.3113,0.1702,0.9777,0.9268,0.8157,0.8567,3.758,-2.3833,0.0698,0.0426,0.5966,0.477,,,,,0.9814,0.5957,28-05-2025
Paul Krugman,How Should We Think About the Economics of AI_.txt,491,303,500,0.2975,0.2195,0.9883,0.9554,0.9035,0.7161,1.8296,-4.8641,0.0819,0.0763,0.6431,0.6762,,,,,0.9476,0.6904,28-05-2025
Paul Krugman,Why Has Trump Gone Soft on China and Hard on Canada_.txt,468,345,348,0.2449,0.1947,0.9588,0.9435,0.7247,0.7645,-5.7446,-4.915,0.0473,0.0616,0.3119,0.5716,,,,,0.7541,0.5842,28-05-2025
Paul Krugman,How Worried Should We Be About the Economy_.txt,496,326,500,0.2038,0.1294,0.9408,0.8953,0.8141,0.955,-3.7404,0.9471,0.0714,0.0587,0.6259,0.5733,,,,,0.857,0.6272,28-05-2025
Paul Krugman,Worthwhile Canadian Observations.txt,475,330,500,0.2205,0.1841,0.9657,0.9155,0.9145,0.3951,-1.8776,-13.2795,0.0549,0.0415,0.5045,0.562,,,,,0.8357,0.5049,28-05-2025
Paul Krugman,The Emperor’s New Philosophy.txt,497,320,384,0.2782,0.3634,0.9842,0.9733,0.7996,0.9084,-5.2632,-2.406,0.0627,0.117,0.6241,0.8064,,,,,0.9133,0.7521,28-05-2025
Paul Krugman,It’s Trump’s Economy Now.txt,486,334,138,0.1786,0.1248,0.9683,0.9358,0.6493,0.6566,-6.8252,-6.6838,0.046,0.0459,0.6787,0.5301,,,,,0.819,0.5212,28-05-2025
Paul Krugman,"Oppose, Oppose, Oppose — and Do It Loudly.txt",497,348,500,0.2392,0.0944,0.9683,0.9089,0.4259,0.9673,21.1602,0.5303,0.0534,0.0344,0.3953,0.4149,,,,,0.8571,0.5668,28-05-2025
Paul Krugman,Of Tariffs and Totalitarianism.txt,480,334,83,0.0985,0.1744,0.9842,0.9568,0.8909,0.8776,2.3462,-2.3443,0.034,0.0563,0.3671,0.7406,,,,,0.8363,0.6231,28-05-2025
Paul Krugman,Happy Tax Evasion Day!.txt,466,347,400,0.267,0.2837,0.9867,0.9089,0.9519,0.9978,0.9377,0.0405,0.0588,0.0548,0.7524,0.6674,,,,,0.9485,0.5262,28-05-2025
Paul Krugman,Attack of the Sadistic Zombies.txt,493,335,500,0.1868,0.253,0.9683,0.9601,0.8438,0.7052,-3.3118,-6.2518,0.0635,0.0669,0.4713,0.4414,,,,,0.8698,0.5597,28-05-2025
Paul Krugman,MAGA’s War on Science.txt,483,320,170,0.1872,0.2057,0.9139,0.9686,0.9095,0.9933,-1.3543,-0.1001,0.0404,0.0879,0.6052,0.2412,,,,,0.8328,0.7748,28-05-2025
Paul Krugman,Political Styles of the Rich and Clueless.txt,490,358,312,0.1785,0.2038,0.976,0.9175,0.7139,0.8309,-5.3935,3.8356,0.0383,0.0739,0.4547,0.5391,,,,,0.9215,0.542,28-05-2025
Paul Krugman,Will Trump Pretend to Fix What He Broke_.txt,486,347,301,0.2707,0.3495,0.9862,0.9672,0.9538,0.7527,-0.7548,-4.0445,0.0614,0.1721,0.3707,0.526,,,,,0.9326,0.4848,28-05-2025
Paul Krugman,Making Sweatshops Great Again.txt,475,314,416,0.1617,0.1604,0.988,0.9382,0.8606,0.5523,2.881,-7.9622,0.0515,0.0488,0.3913,0.5171,,,,,0.9601,0.6057,28-05-2025
Paul Krugman,Why Trump Will Lose His Trade War.txt,498,325,500,0.3439,0.2615,0.9861,0.8144,0.8403,0.4121,2.9708,-9.1919,0.0685,0.0471,0.6414,0.5326,,,,,0.94,0.3314,28-05-2025
Paul Krugman,Trump’s Cultural Revolution.txt,498,344,215,0.0967,0.1053,0.9651,0.9169,0.9527,0.7692,-0.7723,-3.7723,0.0355,0.0316,0.4553,0.501,,,,,0.794,0.5185,28-05-2025
Paul Krugman,What the Musk is Happening_.txt,491,348,500,0.1295,0.1154,0.9832,0.9569,0.6404,0.8849,7.5526,-1.5474,0.0351,0.0512,0.4247,0.433,,,,,0.937,0.5013,28-05-2025
